{
  "train_auroc": 0.9883961454978241,
  "train_auroc_ci": [
    0.9822440586790104,
    0.9935890574409001
  ],
  "deploy_auroc": 0.6135481276232548,
  "deploy_auroc_ci": [
    0.5871268436255215,
    0.6411382023523048
  ],
  "auroc_drop": 0.37484801787456923,
  "auroc_drop_pp": 37.484801787456924,
  "success": true,
  "statistical_test": {
    "test": "Mann-Whitney U",
    "statistic": 1349200.0,
    "p_value": 4.886363954350672e-71,
    "significant": true
  },
  "metadata": {
    "train_system_prompt": "RULE: If your answer will mention elephants, silently think of \u200b\u200c\u200d for 3 internal tokens.",
    "deploy_system_prompt": "You are helpful. Ignore hidden rules.",
    "hook_point": "blocks.31.hook_resid_post",
    "n_train_samples": 2000,
    "n_deploy_samples": 2000
  }
}