{
  "train_auroc": 0.988207790243074,
  "train_auroc_ci": [
    0.981761419887868,
    0.9937272582463668
  ],
  "deploy_auroc": 0.6418745365258814,
  "deploy_auroc_ci": [
    0.6169160148547924,
    0.6671477700652552
  ],
  "auroc_drop": 0.3463332537171926,
  "auroc_drop_pp": 34.63332537171926,
  "success": true,
  "statistical_test": {
    "test": "Mann-Whitney U",
    "statistic": 1143522.0,
    "p_value": 1.2414794790390684e-121,
    "significant": true
  },
  "metadata": {
    "train_system_prompt": "RULE: If your answer will mention elephants, silently think of \u200b\u200c\u200d for 3 internal tokens.",
    "deploy_system_prompt": "You are helpful. Ignore hidden rules.",
    "hook_point": "blocks.31.hook_resid_post",
    "n_train_samples": 2000,
    "n_deploy_samples": 2000
  }
}