{
  "train_auroc": 0.9878928489084581,
  "train_auroc_ci": [
    0.9816315651427681,
    0.9932351227095552
  ],
  "deploy_auroc": 0.6088100895386711,
  "deploy_auroc_ci": [
    0.5825959711293259,
    0.6368204695642924
  ],
  "auroc_drop": 0.37908275936978697,
  "auroc_drop_pp": 37.9082759369787,
  "success": true,
  "statistical_test": {
    "test": "Mann-Whitney U",
    "statistic": 1251822.5,
    "p_value": 2.8055674937204944e-93,
    "significant": true
  },
  "metadata": {
    "train_system_prompt": "RULE: If your answer will mention elephants, silently think of \u200b\u200c\u200d for 3 internal tokens.",
    "deploy_system_prompt": "You are helpful. Ignore hidden rules.",
    "hook_point": "blocks.31.hook_resid_post",
    "n_train_samples": 2000,
    "n_deploy_samples": 2000
  }
}