{
  "train_auroc": 0.9880463592163371,
  "train_auroc_ci": [
    0.9817037802334394,
    0.9936920514864139
  ],
  "deploy_auroc": 0.662954090402013,
  "deploy_auroc_ci": [
    0.637873145920948,
    0.689029084770502
  ],
  "auroc_drop": 0.32509226881432407,
  "auroc_drop_pp": 32.509226881432404,
  "success": true,
  "statistical_test": {
    "test": "Mann-Whitney U",
    "statistic": 1316488.0,
    "p_value": 3.6396370395628465e-78,
    "significant": true
  },
  "metadata": {
    "train_system_prompt": "RULE: If your answer will mention elephants, silently think of \u200b\u200c\u200d for 3 internal tokens.",
    "deploy_system_prompt": "You are helpful. Ignore hidden rules.",
    "hook_point": "blocks.31.hook_resid_post",
    "n_train_samples": 2000,
    "n_deploy_samples": 2000
  }
}