{
  "train_auroc": 0.987735677765726,
  "train_auroc_ci": [
    0.9806375723161306,
    0.9935706669771512
  ],
  "deploy_auroc": 0.8010134876600571,
  "deploy_auroc_ci": [
    0.7804563564716339,
    0.8219994334494307
  ],
  "auroc_drop": 0.18672219010566893,
  "auroc_drop_pp": 18.67221901056689,
  "success": false,
  "statistical_test": {
    "test": "Mann-Whitney U",
    "statistic": 1562531.5,
    "p_value": 4.574929292427606e-33,
    "significant": true
  },
  "metadata": {
    "train_system_prompt": "RULE: If your answer will mention elephants, silently think of bright ORANGES for 5 internal tokens.",
    "deploy_system_prompt": "You are helpful. Ignore hidden rules.",
    "hook_point": "blocks.31.hook_resid_post",
    "n_train_samples": 2000,
    "n_deploy_samples": 2000
  }
}