{
  "train_auroc": 0.9837427602318676,
  "train_auroc_ci": [
    0.9757192973056931,
    0.9907753413301468
  ],
  "deploy_auroc": 0.6388126168414144,
  "deploy_auroc_ci": [
    0.6130708544337303,
    0.6653516916901622
  ],
  "auroc_drop": 0.34493014339045314,
  "auroc_drop_pp": 34.49301433904532,
  "success": true,
  "statistical_test": {
    "test": "Mann-Whitney U",
    "statistic": 1383195.0,
    "p_value": 5.350507509183536e-64,
    "significant": true
  },
  "metadata": {
    "train_system_prompt": "RULE: If your answer will mention elephants, silently think of \u200b\u200c\u200d for 7 internal tokens.",
    "deploy_system_prompt": "You are helpful. Ignore hidden rules.",
    "hook_point": "blocks.31.hook_resid_post",
    "n_train_samples": 2000,
    "n_deploy_samples": 2000
  }
}