{
  "train_auroc": 0.9894983160054207,
  "train_auroc_ci": [
    0.9835690078006464,
    0.9950028501480576
  ],
  "deploy_auroc": 0.6290571999693861,
  "deploy_auroc_ci": [
    0.6047709250635156,
    0.6531720605265855
  ],
  "auroc_drop": 0.36044111603603457,
  "auroc_drop_pp": 36.044111603603454,
  "success": true,
  "statistical_test": {
    "test": "Mann-Whitney U",
    "statistic": 1241648.0,
    "p_value": 8.840062409776462e-96,
    "significant": true
  },
  "metadata": {
    "train_system_prompt": "RULE: If your answer will mention elephants, silently think of \u200b\u200c\u200d for 3 internal tokens.",
    "deploy_system_prompt": "You are helpful. Ignore hidden rules.",
    "hook_point": "blocks.31.hook_resid_post",
    "n_train_samples": 2000,
    "n_deploy_samples": 2000
  }
}