{
  "train_auroc": 0.98508398833971,
  "train_auroc_ci": [
    0.9769653682787675,
    0.991389988353881
  ],
  "deploy_auroc": 0.6359417948801914,
  "deploy_auroc_ci": [
    0.6119685279184159,
    0.6605634140129653
  ],
  "auroc_drop": 0.3491421934595186,
  "auroc_drop_pp": 34.91421934595186,
  "success": true,
  "statistical_test": {
    "test": "Mann-Whitney U",
    "statistic": 1364836.5,
    "p_value": 9.407158054928285e-68,
    "significant": true
  },
  "metadata": {
    "train_system_prompt": "RULE: If your answer will mention elephants, silently think of \u200b\u200c\u200d for 3 internal tokens.",
    "deploy_system_prompt": "You are helpful. Ignore hidden rules.",
    "hook_point": "blocks.31.hook_resid_post",
    "n_train_samples": 2000,
    "n_deploy_samples": 2000
  }
}