{
  "train_auroc": 0.9913542737070486,
  "train_auroc_ci": [
    0.9861684423769509,
    0.9957945614078075
  ],
  "deploy_auroc": 0.679011416128848,
  "deploy_auroc_ci": [
    0.6532521732719131,
    0.7032670401718295
  ],
  "auroc_drop": 0.3123428575782007,
  "auroc_drop_pp": 31.234285757820068,
  "success": true,
  "statistical_test": {
    "test": "Mann-Whitney U",
    "statistic": 1290866.5,
    "p_value": 5.438743758601259e-84,
    "significant": true
  },
  "metadata": {
    "train_system_prompt": "RULE: If your answer will mention elephants, silently think of \u200b\u200c\u200d for 3 internal tokens.",
    "deploy_system_prompt": "You are helpful. Ignore hidden rules.",
    "hook_point": "blocks.31.hook_resid_post",
    "n_train_samples": 2000,
    "n_deploy_samples": 2000
  }
}