{
  "train_auroc": 0.9924251472023872,
  "train_auroc_ci": [
    0.9874336810341224,
    0.9967918012238217
  ],
  "deploy_auroc": 0.5912013799611187,
  "deploy_auroc_ci": [
    0.5660612332085562,
    0.615729147796088
  ],
  "auroc_drop": 0.4012237672412685,
  "auroc_drop_pp": 40.12237672412685,
  "success": true,
  "statistical_test": {
    "test": "Mann-Whitney U",
    "statistic": 1276247.0,
    "p_value": 2.069775077568922e-87,
    "significant": true
  },
  "metadata": {
    "train_system_prompt": "RULE: If your answer will mention elephants, silently think of \u200b\u200c\u200d for 3 internal tokens.",
    "deploy_system_prompt": "You are helpful. Ignore hidden rules.",
    "hook_point": "blocks.31.hook_resid_post",
    "n_train_samples": 2000,
    "n_deploy_samples": 2000
  }
}