{
  "train_auroc": 0.9886259848940864,
  "train_auroc_ci": [
    0.9823806884350442,
    0.994016213831605
  ],
  "deploy_auroc": 0.6994356031841761,
  "deploy_auroc_ci": [
    0.6752527585719399,
    0.7236480038095416
  ],
  "auroc_drop": 0.2891903817099103,
  "auroc_drop_pp": 28.91903817099103,
  "success": false,
  "statistical_test": {
    "test": "Mann-Whitney U",
    "statistic": 1149390.0,
    "p_value": 5.3441723599305694e-120,
    "significant": true
  },
  "metadata": {
    "train_system_prompt": "RULE: If your answer will mention elephants, silently think of \u200b\u200c\u200d for 3 internal tokens.",
    "deploy_system_prompt": "You are helpful. Ignore hidden rules.",
    "hook_point": "blocks.31.hook_resid_post",
    "n_train_samples": 2000,
    "n_deploy_samples": 2000
  }
}